Dataset,Metric,Fit Method,Avg Accuracy,Std Accuracy,Avg Brier Score,Std Brier Score,Avg Time,Num Rules Avg,Num Rules Std,Num Preds Avg,Num Preds Std
Dry Bean,Gini_Impurity,CON-FOLD (confidence_fit),0.003782592728608153,0.0037252896519767193,0.750167932239765,0.00016652205197495556,2404.03190870285,59.8,68.45079335633088,172.7,191.10325888261445
Dry Bean,Gini_Impurity,FOLD-RM (fit),0.910907087770841,0.0060892815843955166,0.9219406388471579,0.005796454298514359,95.10200481414795,157.3,9.23820569398866,293.5,16.174396777348793
Dry Bean,Precision_Gini_Impurity,CON-FOLD (confidence_fit),0.31358795446199045,0.06916563479266183,0.8127390907883033,0.011705869885444361,1419.4591241121293,276.4,111.56781694457314,346.9,165.71960924673004
Dry Bean,Precision_Gini_Impurity,FOLD-RM (fit),0.907785530664708,0.00423860146637248,0.9189098218790297,0.0037231981580000944,100.30149607658386,165.4,17.180091837809123,304.7,28.34333156925004
Dry Bean,Precision_Information_Gain,CON-FOLD (confidence_fit),0.0,0.0,0.75,0.0,4.269308590888977,0.0,0.0,0.0,0.0
Dry Bean,Precision_Information_Gain,FOLD-RM (fit),0.9081527726771943,0.005478488283859807,0.9193886930511532,0.005051048366915598,94.74183027744293,161.7,19.02074890452238,299.0,39.25698805449944
Dry Bean,TP_Gini_Impurity,FOLD-RM (fit),0.9119720896070511,0.005692053748169996,0.9227721831497725,0.004349700462464021,97.73736910820007,173.7,20.100027639560878,322.8,42.52267369037109
Dry Bean,TP_Information_Gain,CON-FOLD (confidence_fit),0.0,0.0,0.75,0.0,1.2987362146377563,0.0,0.0,0.0,0.0
Dry Bean,TP_Information_Gain,FOLD-RM (fit),0.9096217407271391,0.004851827746438688,0.9204539956916011,0.004641936795297186,87.04625537395478,158.7,21.54607466183419,292.9,45.012220562864925
Dry Bean,information_gain,CON-FOLD (confidence_fit),0.110613294160852,0.00946126426624904,0.7769172506823941,0.002442611734883819,2.4832668781280516,1.0,0.0,1.0,0.0
Dry Bean,information_gain,FOLD-RM (fit),0.9056555269922878,0.010504020362734953,0.9193554037718658,0.0068580592034639684,91.97602756023407,149.2,26.92706197613595,276.7,49.627613281317494
Dry Bean,original,CON-FOLD (confidence_fit),0.8942343004039662,0.014381431448354893,0.9156612678834557,0.00613697800177393,107.53102190494538,53.9,21.804433799879636,90.2,38.54521154869089
Dry Bean,original,FOLD-RM (fit),0.9088138082996695,0.006125717126180722,0.9194326549601322,0.006283163671164137,96.9093834400177,164.0,18.190351532856333,305.4,40.58242641012653
Ecoli,Gini_Impurity,CON-FOLD (confidence_fit),0.0,0.0,0.75,0.0,0.024481678009033205,1.0,1.8856180831641267,2.4,4.575295983139597
Ecoli,Gini_Impurity,FOLD-RM (fit),0.763235294117647,0.04068922739107282,0.8455331955636766,0.030652023304359538,0.37310194969177246,39.1,4.121757985239902,49.1,6.773313648265359
Ecoli,Precision_Gini_Impurity,CON-FOLD (confidence_fit),0.44411764705882356,0.05580489988532434,0.7903265870157352,0.02023682749157274,0.8673850536346436,41.6,12.294533563968809,56.7,18.312412305440382
Ecoli,Precision_Gini_Impurity,FOLD-RM (fit),0.7808823529411765,0.06294774261761572,0.8497876408125,0.04553400335824775,0.3613523244857788,38.0,4.8074017006186525,44.5,7.291547618075786
Ecoli,Precision_Information_Gain,CON-FOLD (confidence_fit),0.0,0.0,0.75,0.0,0.025344204902648926,0.0,0.0,0.0,0.0
Ecoli,Precision_Information_Gain,FOLD-RM (fit),0.8014705882352942,0.045590870680731053,0.8633898271169118,0.02091349576053281,0.36074755191802976,36.9,4.332051092342595,43.6,5.834761729877618
Ecoli,TP_Gini_Impurity,CON-FOLD (confidence_fit),0.06029411764705883,0.05300014870892357,0.7513754290985294,0.003543389439132645,1.8853366136550904,9.5,9.300537618869138,37.3,31.742190640638945
Ecoli,TP_Gini_Impurity,FOLD-RM (fit),0.7911764705882354,0.028414464208214633,0.8526075925213235,0.02788005983588587,0.36836292743682864,41.0,3.5901098714230035,50.2,6.762642481555071
Ecoli,TP_Information_Gain,CON-FOLD (confidence_fit),0.0,0.0,0.75,0.0,0.016840219497680664,0.0,0.0,0.0,0.0
Ecoli,TP_Information_Gain,FOLD-RM (fit),0.7794117647058824,0.05716619504750295,0.8409100650295589,0.03903058836946509,0.3607877254486084,38.3,3.497618237219914,47.2,5.65292451352002
Ecoli,information_gain,CON-FOLD (confidence_fit),0.5455882352941177,0.09960755365096116,0.7977655301477942,0.026589890565866834,0.7397608280181884,153.7,37.42266098977405,153.5,37.529988009590404
Ecoli,information_gain,FOLD-RM (fit),0.7897058823529411,0.03924631157107469,0.855394952852647,0.02531355773335079,0.3206191539764404,40.5,3.7193189340702335,48.2,6.303438215238834
Ecoli,original,CON-FOLD (confidence_fit),0.7911764705882354,0.04691563181962901,0.8562351067389706,0.03439656948583588,0.31470775604248047,33.6,2.6331223544175333,43.2,5.652924513520021
Ecoli,original,FOLD-RM (fit),0.7955882352941177,0.05777247262190623,0.8626563821807354,0.03386373980534443,0.29717392921447755,37.2,4.589843860815602,45.5,6.980130530457307
Nursery,Gini_Impurity,CON-FOLD (confidence_fit),0.0,0.0,0.7499918981481482,1.7080203411408434e-05,0.3040631771087646,1.2,1.1352924243950933,6.8,5.593647190240809
Nursery,Gini_Impurity,FOLD-RM (fit),0.9569830246913581,0.015573182677844192,0.9622298758383258,0.012357319200376879,0.8643080234527588,66.2,9.795690662508465,27.9,2.6436506745197805
Nursery,Precision_Gini_Impurity,CON-FOLD (confidence_fit),0.16516203703703702,0.12086828016585793,0.7539015177018127,0.004535144347876683,58.94458572864532,603.3,380.6570489152787,43.6,6.703233050799689
Nursery,Precision_Gini_Impurity,FOLD-RM (fit),0.9562114197530864,0.012529508958757455,0.9612462746079318,0.010329407470489495,0.9284669160842896,64.3,8.138386408455508,27.1,3.071373199943852
Nursery,Precision_Information_Gain,CON-FOLD (confidence_fit),0.23321759259259262,0.1610252034286699,0.8083040039516604,0.04025602856665424,0.14266009330749513,0.7,0.48304589153964794,0.7,0.48304589153964794
Nursery,Precision_Information_Gain,FOLD-RM (fit),0.9611496913580246,0.010617242205112992,0.9651548931266435,0.008994127876428473,1.0326091289520263,69.0,6.831300510639732,26.1,2.8067379246694513
Nursery,TP_Gini_Impurity,CON-FOLD (confidence_fit),0.0767746913580247,0.019231736053426055,0.7493186070723183,0.0015261595092053418,136.10605425834655,173.6,49.97154746008528,40.5,2.6770630673681683
Nursery,TP_Gini_Impurity,FOLD-RM (fit),0.9587962962962964,0.008643659202985111,0.9634201997176387,0.0071354851168805265,0.9392258644104003,66.1,8.962266578395347,27.0,2.7888667551135846
Nursery,TP_Information_Gain,CON-FOLD (confidence_fit),0.2673225308641975,0.1411119023002355,0.8168301816595338,0.035277737120572826,0.15830667018890382,0.8,0.4216370213557839,0.8,0.4216370213557839
Nursery,TP_Information_Gain,FOLD-RM (fit),0.9614969135802468,0.011166521358876405,0.9656071583164352,0.00884223576025953,0.9404554843902588,69.4,8.194849330863597,26.1,3.4140233677518315
Nursery,information_gain,CON-FOLD (confidence_fit),0.8765817901234568,0.012217010504469198,0.9015313095689578,0.0074058969142059864,0.3783975839614868,10.0,2.494438257849294,10.0,2.309401076758503
Nursery,information_gain,FOLD-RM (fit),0.9576388888888889,0.00878598714832529,0.9625500548884339,0.006972988233135712,0.8521222829818725,64.7,11.264990013311152,27.0,3.8873012632301998
Nursery,original,CON-FOLD (confidence_fit),0.935570987654321,0.012379123509371303,0.9447078550263537,0.009308730160026632,1.786424422264099,35.7,7.7466838783515035,20.0,3.7712361663282534
Nursery,original,FOLD-RM (fit),0.9649305555555555,0.0092725563243546,0.9685159090193327,0.00746741084126807,1.0172832250595092,71.4,9.559172442098625,28.4,2.988868236194653
Page Blocks,Gini_Impurity,CON-FOLD (confidence_fit),0.8950684931506849,0.008452080970904755,0.9074170897212515,0.006399076510675732,1.1988872766494751,10.5,4.249182927993988,23.4,7.961016127215029
Page Blocks,Gini_Impurity,FOLD-RM (fit),0.9655707762557079,0.00279166064367984,0.9697493960960001,0.0024788335092242944,3.6644866466522217,64.6,14.901155809011744,115.2,29.275700959441888
Page Blocks,Precision_Gini_Impurity,CON-FOLD (confidence_fit),0.906027397260274,0.01374556478413726,0.9161682896912332,0.011222534189016769,11.749623823165894,8.4,6.569288816573339,9.3,7.180993431738165
Page Blocks,Precision_Gini_Impurity,FOLD-RM (fit),0.9664840182648401,0.004219182474887958,0.9696514085032787,0.003234559847435722,3.3692925930023194,57.1,7.837941906733765,103.4,18.863250574124873
Page Blocks,Precision_Information_Gain,CON-FOLD (confidence_fit),0.0,0.0,0.75,0.0,0.13575353622436523,0.0,0.0,0.0,0.0
Page Blocks,Precision_Information_Gain,FOLD-RM (fit),0.9663926940639269,0.006190915710873034,0.9697975005292147,0.005016788822940579,3.098687219619751,55.8,8.121302577515232,98.9,13.843971812870594
Page Blocks,TP_Gini_Impurity,CON-FOLD (confidence_fit),0.9014611872146119,0.008816977312871224,0.912408407828256,0.0074001321016951924,26.21361548900604,3.3,1.2516655570345725,6.4,2.988868236194653
Page Blocks,TP_Gini_Impurity,FOLD-RM (fit),0.9684018264840182,0.005311130225282068,0.9724963215807216,0.004152043367990947,4.188615870475769,65.1,13.287002839032,118.9,31.214134974754984
Page Blocks,TP_Information_Gain,CON-FOLD (confidence_fit),0.0,0.0,0.75,0.0,0.1321774959564209,0.0,0.0,0.0,0.0
Page Blocks,TP_Information_Gain,FOLD-RM (fit),0.9672146118721461,0.006095125527539837,0.9705565141755983,0.0053084360037937,3.4260058403015137,63.5,14.104766727757125,113.6,27.121946832777326
Page Blocks,information_gain,CON-FOLD (confidence_fit),0.9047488584474885,0.007773591703395925,0.9140411480417537,0.006255943609799819,3.0145624399185182,2.0,0.0,2.0,0.0
Page Blocks,information_gain,FOLD-RM (fit),0.9640182648401826,0.005746897798192617,0.968205678811224,0.004849418611057965,3.9679481267929075,63.9,7.852105167122735,117.4,17.833800616930887
Page Blocks,original,CON-FOLD (confidence_fit),0.9557990867579909,0.00821579500813112,0.9593509013021826,0.007228230793381677,2.03520348072052,21.6,4.7422451316743315,30.8,7.052186422190876
Page Blocks,original,FOLD-RM (fit),0.9664840182648401,0.00529102713410458,0.9701209591452145,0.004784585141236344,3.8313809871673583,63.3,16.472536065962778,113.0,31.034031499486346
Wall Robot,Gini_Impurity,CON-FOLD (confidence_fit),0.0,0.0,0.75,0.0,3.3101836442947388,0.4,0.9660917830792959,1.3,2.9832867780352594
Wall Robot,Gini_Impurity,FOLD-RM (fit),0.9929487179487179,0.003054028922657079,0.9932186493083058,0.0024492431729096122,17.35803837776184,29.4,2.988868236194653,39.1,4.976611966656298
Wall Robot,Precision_Gini_Impurity,CON-FOLD (confidence_fit),0.4034798534798535,0.04481714878734082,0.8284164193509431,0.008730665559342364,105.00561776161194,136.2,36.036401349499684,161.4,47.26332851399933
Wall Robot,Precision_Gini_Impurity,FOLD-RM (fit),0.9918498168498168,0.0030048167771244564,0.9920955657664378,0.002576484956981782,18.954643654823304,30.1,2.2335820757001272,40.9,3.3149493041204843
Wall Robot,Precision_Information_Gain,CON-FOLD (confidence_fit),0.0,0.0,0.75,0.0,0.30932424068450926,0.0,0.0,0.0,0.0
Wall Robot,Precision_Information_Gain,FOLD-RM (fit),0.9943223443223443,0.002356563988476033,0.9944649114743133,0.0021200531883439483,18.947591853141784,30.6,1.4298407059684797,41.5,2.91547594742265
Wall Robot,TP_Gini_Impurity,CON-FOLD (confidence_fit),0.00018315018315018315,0.00038611448842104754,0.7500162710785256,3.866703835045555e-05,345.57131838798523,1.4,1.1737877907772671,19.7,14.220876672460573
Wall Robot,TP_Gini_Impurity,FOLD-RM (fit),0.9908424908424909,0.0025901347296210476,0.991444287613727,0.0025008983742328544,18.337616682052612,30.9,2.1832697191750423,41.6,3.777124126457411
Wall Robot,TP_Information_Gain,CON-FOLD (confidence_fit),0.0,0.0,0.75,0.0,0.333906364440918,0.0,0.0,0.0,0.0
Wall Robot,TP_Information_Gain,FOLD-RM (fit),0.9928571428571429,0.0020612873035572737,0.9933150437505311,0.0018509457230084325,19.226798796653746,30.2,2.2010098692292233,41.0,3.559026084010436
Wall Robot,information_gain,CON-FOLD (confidence_fit),0.0015567765567765569,0.0009701006460360625,0.7501187096012638,0.00010728749140844152,0.8334109783172607,3.7,0.674948557710553,3.7,0.674948557710553
Wall Robot,information_gain,FOLD-RM (fit),0.9914835164835164,0.002443909511751899,0.991666746064881,0.002293145554463357,19.606231498718262,30.4,2.6331223544175333,40.5,4.503085362035433
Wall Robot,original,CON-FOLD (confidence_fit),0.9739010989010989,0.009410921861702113,0.9753233903385532,0.008531503195269003,19.58345217704773,18.4,2.547329756605707,22.2,3.0840089349921005
Wall Robot,original,FOLD-RM (fit),0.9932234432234432,0.002870002264601495,0.9936311739927748,0.002485381135900368,16.150212812423707,29.5,1.2692955176439846,39.9,2.960855732160326
Weight Lifting,Gini_Impurity,CON-FOLD (confidence_fit),0.0009937888198757762,0.0020115872134974936,0.7500472049689442,9.555039264114066e-05,7.035870933532715,1.8,2.7406406388125957,4.3,6.23698645180507
Weight Lifting,Gini_Impurity,FOLD-RM (fit),0.9988819875776397,0.0013670868752976937,0.9985348023625218,0.0012603499031998413,13.00761637687683,15.0,0.8164965809277259,16.6,1.2649110640673518
Weight Lifting,Precision_Gini_Impurity,CON-FOLD (confidence_fit),0.8201242236024845,0.015895444291855985,0.8563683543472174,0.00791917601465788,1370.8433005332947,762.7,34.41269145727102,725.1,24.95529335965951
Weight Lifting,Precision_Gini_Impurity,FOLD-RM (fit),0.9987577639751553,0.0011711913560025558,0.9985047217377764,0.00113350154359975,11.932966017723084,14.5,0.8498365855987972,16.0,2.0
Weight Lifting,Precision_Information_Gain,CON-FOLD (confidence_fit),0.0,0.0,0.75,0.0,3.4591553449630736,0.0,0.0,0.0,0.0
Weight Lifting,Precision_Information_Gain,FOLD-RM (fit),0.9988819875776397,0.00214762773994037,0.9989851263392546,0.001433221482699992,13.220313215255738,13.8,1.5491933384829664,16.3,1.4181364924121767
Weight Lifting,TP_Gini_Impurity,CON-FOLD (confidence_fit),0.010559006211180125,0.009057823128044455,0.7519854389957267,0.0014689489530396156,1003.200922870636,7.5,5.622375931144333,131.0,72.5074708794434
Weight Lifting,TP_Gini_Impurity,FOLD-RM (fit),0.9987577639751553,0.0016563146997929698,0.9988341301316025,0.001085933770387899,12.073312950134277,14.2,1.398411797560202,16.2,1.475729574745244
Weight Lifting,TP_Information_Gain,CON-FOLD (confidence_fit),0.0,0.0,0.75,0.0,3.2409132957458495,0.0,0.0,0.0,0.0
Weight Lifting,TP_Information_Gain,FOLD-RM (fit),0.998136645962733,0.0015767646181912853,0.9981326330765092,0.0014792689375583202,12.471959710121155,13.8,1.8135294011647258,16.1,1.4491376746189437
Weight Lifting,information_gain,CON-FOLD (confidence_fit),0.9637267080745342,0.035797095462018196,0.9693185703210684,0.029617793738247147,4.522325038909912,8.9,3.0713731999438516,8.8,2.973961069759395
Weight Lifting,information_gain,FOLD-RM (fit),0.9990062111801242,0.0016354797232407165,0.9987072444399503,0.0017411844242002047,13.257330870628357,13.9,1.5951314818673863,16.4,1.1737877907772674
Weight Lifting,original,CON-FOLD (confidence_fit),0.9932919254658386,0.0054052733323662755,0.9932641997065218,0.005231753285180048,13.612487506866454,12.5,1.2692955176439848,13.6,1.07496769977314
Weight Lifting,original,FOLD-RM (fit),0.9987577639751553,0.0014344106066823325,0.9985977884722732,0.0013688762049189204,13.09433012008667,15.1,0.9944289260117534,17.0,1.63299316185545
Wine,Gini_Impurity,CON-FOLD (confidence_fit),0.02222222222222222,0.03884477215445006,0.7508676867283334,0.0018891491117377156,1.0237020969390869,6.7,3.7133393177689658,20.5,12.094535037684489
Wine,Gini_Impurity,FOLD-RM (fit),0.9222222222222222,0.05524605144509738,0.9344643958488887,0.0380827199548512,0.1539853811264038,6.8,0.7888106377466158,7.0,0.9428090415820636
Wine,Precision_Gini_Impurity,CON-FOLD (confidence_fit),0.725,0.044309207829649644,0.7972689470922222,0.014758905976379683,2.1514174222946165,58.8,2.4404006956964177,61.0,5.374838498865699
Wine,Precision_Gini_Impurity,FOLD-RM (fit),0.9305555555555556,0.026995147661320853,0.9399437991352778,0.017078459796046982,0.09808571338653564,6.7,0.6749485577105531,6.8,0.7888106377466155
Wine,Precision_Information_Gain,CON-FOLD (confidence_fit),0.0,0.0,0.75,0.0,0.03624148368835449,0.0,0.0,0.0,0.0
Wine,Precision_Information_Gain,FOLD-RM (fit),0.9472222222222222,0.040253824294970666,0.9475005674502779,0.03292952463337956,0.16247875690460206,7.3,0.6749485577105528,7.7,0.9486832980505138
Wine,TP_Gini_Impurity,CON-FOLD (confidence_fit),0.03333333333333333,0.025526016207574487,0.7515412978394445,0.001178638958200748,12.119694805145263,9.0,4.163331998932265,54.4,24.980881578608155
Wine,TP_Gini_Impurity,FOLD-RM (fit),0.9472222222222222,0.03574122049188664,0.9503696154836112,0.027637269116379086,0.15493488311767578,7.2,0.6324555320336759,7.5,0.7071067811865477
Wine,TP_Information_Gain,CON-FOLD (confidence_fit),0.0,0.0,0.75,0.0,0.0077861309051513675,0.0,0.0,0.0,0.0
Wine,TP_Information_Gain,FOLD-RM (fit),0.9194444444444445,0.04430920782964958,0.9356974615663889,0.026731524570031542,0.13397486209869386,7.2,0.7888106377466155,7.4,0.966091783079296
Wine,information_gain,CON-FOLD (confidence_fit),0.9583333333333334,0.03525820882344404,0.9574836291138888,0.024091063860058902,0.05863256454467773,7.1,0.5676462121975466,7.1,0.5676462121975466
Wine,information_gain,FOLD-RM (fit),0.9388888888888889,0.03884477215445007,0.9426499235822222,0.030522985179977376,0.16338589191436767,7.4,0.5163977794943222,7.7,0.48304589153964805
Wine,original,CON-FOLD (confidence_fit),0.9277777777777777,0.049344120720274914,0.9482682247416667,0.028461532212334197,0.1515218734741211,7.0,0.9428090415820634,7.0,0.9428090415820634
Wine,original,FOLD-RM (fit),0.9277777777777778,0.043822813208145295,0.9413639554061112,0.031759349719694296,0.1306640625,6.9,1.1005049346146119,7.0,1.1547005383792517
